Settlement ID,Order ID,Type,Order Date,Deposit Date,Potential Income,Potential Loss,Actual Profit
shopify_11772496576671,shopify_#3613,Order,2025-11-05T11:45:39Z,2025-11-05T11:45:40Z,1.42,0.34,1.08
shopify_11772495954079,shopify_#3612,Order,2025-11-05T11:44:53Z,2025-11-05T11:44:53Z,3.81,0.41,3.40
shopify_11761449009311,shopify_#3611,Order,2025-10-30T16:23:26Z,2025-10-30T16:23:45Z,364.93,10.88,354.05
shopify_11761449009311,shopify_#3611,Order,2025-10-30T16:23:45Z,2025-10-30T16:23:45Z,364.93,10.88,354.05
shopify_11761299161247,shopify_#3610,Order,2025-10-30T14:28:40Z,2025-10-30T14:29:03Z,256.95,7.75,249.20
shopify_11761299161247,shopify_#3610,Order,2025-10-30T14:29:03Z,2025-10-30T14:29:03Z,256.95,7.75,249.20
shopify_11761204920479,shopify_#3609,Order,2025-10-30T13:11:31Z,2025-10-30T13:14:04Z,149.71,4.64,145.07
shopify_11761204920479,shopify_#3609,Order,2025-10-30T13:14:04Z,2025-10-30T13:14:04Z,149.71,4.64,145.07
shopify_11761174872223,shopify_#3608,Order,2025-10-30T12:49:37Z,2025-10-30T12:50:08Z,13.48,0.69,12.79
shopify_11761174872223,shopify_#3608,Order,2025-10-30T12:50:08Z,2025-10-30T12:50:08Z,13.48,0.69,12.79
shopify_11759308931231,shopify_#3607,Order,2025-10-29T10:42:05Z,2025-10-29T10:42:06Z,55.97,1.92,54.05
shopify_11759304966303,shopify_#3606,Order,2025-10-29T10:37:09Z,2025-10-29T10:37:10Z,6.73,0.50,6.23
shopify_11737374326943,shopify_#3605,Order,2025-10-14T14:49:30Z,2025-10-14T14:49:32Z,12.36,0.66,11.70
shopify_11737368461471,shopify_#3604,Order,2025-10-14T14:45:37Z,2025-10-14T14:45:38Z,50.00,1.75,48.25
shopify_11724157976735,shopify_#3603,Order,2025-10-06T10:30:23Z,2025-10-06T10:30:24Z,18.82,0.85,17.97
shopify_11714449539231,shopify_#3602,Order,2025-09-29T17:25:48Z,2025-09-29T17:25:49Z,97.10,3.12,93.98
shopify_11714400452767,shopify_#3601,Order,2025-09-29T16:35:24Z,2025-09-29T16:35:24Z,51.23,1.79,49.44
shopify_11714123727007,shopify_#3599,Order,2025-09-29T11:15:12Z,2025-09-29T11:15:13Z,11.19,0.62,10.57
shopify_11709887611039,shopify_#3594,Order,2025-09-26T11:41:52Z,,18.65,0.84,17.81
shopify_11704458150047,shopify_#3593,Order,2025-09-22T11:37:37Z,2025-09-22T11:37:38Z,9.32,0.57,8.75
shopify_11699661209759,shopify_#3592,Order,2025-09-18T19:29:13Z,2025-09-18T19:32:47Z,240.68,7.28,233.40
shopify_11699661209759,shopify_#3592,Refund,2025-09-18T19:29:44Z,2025-09-18T19:32:47Z,-240.68,0.00,-240.68
shopify_11699661209759,shopify_#3592,Order,2025-09-18T19:32:47Z,2025-09-18T19:32:47Z,4.10,0.42,3.68
shopify_11699661209759,shopify_#3592,Refund,2025-09-18T19:43:04Z,2025-09-18T19:32:47Z,-4.10,0.00,-4.10
shopify_11699633684639,shopify_#3591,Order,2025-09-18T19:16:06Z,2025-09-18T19:27:07Z,44.76,1.60,43.16
shopify_11699633684639,shopify_#3591,Refund,2025-09-18T19:17:56Z,2025-09-18T19:27:07Z,-44.76,0.00,-44.76
shopify_11699633684639,shopify_#3591,Order,2025-09-18T19:27:07Z,2025-09-18T19:27:07Z,185.00,5.67,179.34
shopify_11699358040223,shopify_#3590,Order,2025-09-18T15:55:40Z,2025-09-18T15:55:40Z,56.34,1.93,54.41
shopify_11699357745311,shopify_#3589,Order,2025-09-18T15:55:19Z,2025-09-18T15:55:20Z,13.32,0.69,12.63
shopify_11699350732959,shopify_#3588,Order,2025-09-18T15:47:40Z,2025-09-18T15:47:41Z,13.32,0.69,12.63
shopify_11699235651743,shopify_#3587,Order,2025-09-18T14:06:20Z,2025-09-18T14:06:21Z,12.12,0.65,11.47
shopify_11699235651743,shopify_#3587,Refund,2025-09-18T14:06:41Z,2025-09-18T14:06:21Z,-12.12,0.00,-12.12
shopify_11699167985823,shopify_#3586,Order,2025-09-18T12:53:50Z,2025-09-18T12:53:51Z,60.56,2.06,58.50
shopify_11697493475487,shopify_#3585,Order,2025-09-17T16:22:16Z,2025-09-17T16:22:17Z,3.00,0.39,2.61
shopify_11697493475487,shopify_#3585,Refund,2025-09-17T16:22:38Z,2025-09-17T16:22:17Z,-3.00,0.00,-3.00
shopify_11696680272031,shopify_#3584,Order,2025-09-17T01:20:02Z,2025-09-17T01:20:03Z,380.04,11.32,368.72
shopify_11689141207199,shopify_#3578,Order,2025-09-11T16:24:45Z,2025-09-11T16:24:46Z,4.03,0.42,3.61
shopify_11689055715487,shopify_#3577,Order,2025-09-11T14:58:26Z,2025-09-11T14:58:27Z,54.17,1.87,52.30
shopify_11689055715487,shopify_#3577,Refund,2025-09-11T15:00:19Z,2025-09-11T14:58:27Z,-51.17,0.00,-51.17
shopify_11688950857887,shopify_#3576,Order,2025-09-11T13:16:17Z,2025-09-11T13:16:18Z,3.00,0.39,2.61
shopify_11688924479647,shopify_#3575,Order,2025-09-11T12:46:23Z,2025-09-11T12:46:24Z,3.00,0.39,2.61
shopify_11687827767455,shopify_#3574,Order,2025-09-10T17:23:22Z,2025-09-10T17:23:23Z,3.00,0.39,2.61
shopify_11687787167903,shopify_#3573,Order,2025-09-10T16:52:03Z,2025-09-10T16:52:04Z,3.00,0.39,2.61
shopify_11685849759903,shopify_#3571,Order,2025-09-09T12:24:36Z,2025-09-09T12:24:36Z,12.29,0.66,11.63
shopify_11684552409247,shopify_#3568,Order,2025-09-08T16:28:53Z,2025-09-08T16:28:54Z,3.00,0.39,2.61
shopify_11684541989023,shopify_#3567,Order,2025-09-08T16:24:32Z,2025-09-08T16:24:32Z,65.27,2.19,63.08
shopify_11675001716895,shopify_#3565,Order,2025-09-05T13:24:17Z,2025-09-05T13:24:18Z,115.59,3.65,111.94
shopify_11674913112223,shopify_#3564,Order,2025-09-05T12:19:48Z,2025-09-05T12:21:21Z,4.10,0.42,3.68
shopify_11674913112223,shopify_#3564,Order,2025-09-05T12:21:21Z,2025-09-05T12:21:21Z,74.79,2.47,72.32
shopify_11673038028959,shopify_#3563,Order,2025-09-04T13:06:18Z,2025-09-04T13:06:18Z,20.50,0.89,19.61
shopify_11673037045919,shopify_#3562,Order,2025-09-04T13:05:17Z,2025-09-04T13:05:18Z,10.23,0.60,9.63
shopify_11673036554399,shopify_#3561,Order,2025-09-04T13:04:35Z,2025-09-04T13:04:35Z,15.36,0.75,14.61
shopify_11673020792991,shopify_#3560,Order,2025-09-04T12:56:14Z,2025-09-04T12:56:15Z,46.09,1.64,44.45
shopify_11663490220191,shopify_#3559,Order,2025-08-29T17:13:34Z,2025-08-29T17:13:35Z,66.59,2.23,64.36
shopify_11652539318431,shopify_#3558,Order,2025-08-22T09:26:52Z,2025-08-22T09:26:53Z,13.99,0.71,13.28
shopify_11651163914399,shopify_#3557,Order,2025-08-21T13:13:19Z,2025-08-21T13:13:20Z,46.62,1.65,44.97
shopify_11637070364831,shopify_#3556,Order,2025-08-12T12:21:10Z,2025-08-12T12:21:10Z,4.66,0.44,4.22
shopify_11637042872479,shopify_#3555,Order,2025-08-12T12:07:16Z,2025-08-12T12:07:16Z,3.00,0.39,2.61
shopify_11636154237087,shopify_#3554,Order,2025-08-11T19:58:26Z,2025-08-11T19:58:26Z,3.00,0.39,2.61
shopify_11636148895903,shopify_#3553,Order,2025-08-12T11:12:08Z,2025-08-12T11:12:08Z,3.00,0.39,2.61
shopify_11636130578591,shopify_#3552,Order,2025-08-11T19:44:58Z,2025-08-11T19:44:58Z,3.00,0.39,2.61
shopify_11635862339743,shopify_#3551,Order,2025-08-11T16:09:50Z,2025-08-11T16:09:50Z,9.00,0.56,8.44
shopify_11635828031647,shopify_#3550,Order,2025-08-11T15:50:49Z,2025-08-11T15:50:49Z,3.00,0.39,2.61
shopify_11635827605663,shopify_#3549,Order,2025-08-11T15:58:14Z,2025-08-11T15:58:14Z,6.00,0.47,5.53
shopify_11635803685023,shopify_#3548,Order,2025-08-11T15:24:15Z,2025-08-11T15:24:15Z,3.00,0.39,2.61
shopify_11584631832735,shopify_#3547,Order,2025-07-14T13:36:26Z,2025-07-14T13:36:26Z,8.20,0.54,7.66
shopify_11584560562335,shopify_#3546,Order,2025-07-14T12:32:12Z,2025-07-14T12:32:13Z,10.23,0.60,9.63
shopify_11584559087775,shopify_#3545,Order,2025-07-14T12:31:21Z,2025-07-14T12:31:22Z,9.21,0.57,8.64
shopify_11584538575007,shopify_#3544,Order,2025-07-14T12:11:28Z,2025-07-14T12:11:28Z,8.20,0.54,7.66
shopify_11584537854111,shopify_#3543,Order,2025-07-14T12:10:50Z,2025-07-14T12:10:51Z,8.20,0.54,7.66
shopify_11584537428127,shopify_#3542,Order,2025-07-14T12:10:06Z,2025-07-14T12:10:07Z,6.14,0.48,5.66
shopify_11584536707231,shopify_#3541,Order,2025-07-14T12:09:25Z,2025-07-14T12:09:25Z,6.14,0.48,5.66
shopify_11584535920799,shopify_#3540,Order,2025-07-14T12:08:42Z,2025-07-14T12:08:43Z,5.12,0.45,4.67
shopify_11578255573151,shopify_#3539,Order,2025-07-10T14:06:57Z,2025-07-10T14:06:58Z,132.88,4.15,128.73
shopify_11578255573151,shopify_#3539,Refund,2025-07-10T14:07:29Z,2025-07-10T14:06:58Z,-51.17,0.00,-51.17
shopify_11578232537247,shopify_#3538,Order,2025-07-10T13:50:46Z,2025-07-10T13:50:47Z,72.00,2.39,69.61
shopify_11578232537247,shopify_#3538,Refund,2025-07-10T13:53:06Z,2025-07-10T13:50:47Z,-65.27,0.00,-65.27
shopify_11578225066143,shopify_#3537,Order,2025-07-10T13:45:46Z,2025-07-10T13:47:42Z,4.10,0.42,3.68
shopify_11578225066143,shopify_#3537,Order,2025-07-10T13:47:42Z,2025-07-10T13:47:42Z,3.00,0.39,2.61
shopify_11578222248095,shopify_#3536,Order,2025-07-10T13:41:38Z,2025-07-10T13:41:39Z,112.63,3.57,109.06
shopify_11578199670943,shopify_#3535,Order,2025-07-10T13:17:37Z,2025-07-10T13:17:38Z,65.27,2.19,63.08
shopify_11578174800031,shopify_#3534,Order,2025-07-10T12:55:11Z,2025-07-10T12:55:12Z,88.89,2.88,86.01
shopify_11578121879711,shopify_#3533,Order,2025-07-10T12:02:22Z,2025-07-10T12:02:23Z,51.17,1.78,49.39
shopify_11578110967967,shopify_#3532,Order,2025-07-10T11:56:48Z,2025-07-10T11:56:49Z,40.58,1.48,39.10
shopify_11578082721951,shopify_#3531,Order,2025-07-10T11:28:05Z,2025-07-10T11:28:06Z,70.28,2.34,67.94
shopify_11576553832607,shopify_#3530,Order,2025-07-09T13:16:47Z,2025-07-09T13:16:48Z,10.00,0.59,9.41
shopify_11576531583135,shopify_#3529,Order,2025-07-09T12:55:46Z,2025-07-09T12:55:46Z,100.00,3.20,96.80
shopify_11576531583135,shopify_#3529,Refund,2025-07-09T12:57:15Z,2025-07-09T12:55:46Z,-100.00,0.00,-100.00
shopify_11576527782047,shopify_#3528,Order,2025-07-09T12:50:49Z,2025-07-09T12:50:50Z,100.00,3.20,96.80
shopify_11576527782047,shopify_#3528,Refund,2025-07-09T12:53:48Z,2025-07-09T12:50:50Z,-50.00,0.00,-50.00
shopify_11575171317919,shopify_#3527,Order,2025-07-08T16:44:03Z,2025-07-08T16:44:04Z,8.39,0.54,7.85
shopify_11573412036767,shopify_#3526,Order,2025-07-07T15:53:58Z,2025-07-07T15:54:00Z,23.54,0.98,22.56
shopify_11573348204703,shopify_#3525,Order,2025-07-07T15:03:59Z,2025-07-07T15:03:59Z,3.73,0.41,3.32
shopify_11573339979935,shopify_#3524,Order,2025-07-07T14:59:09Z,2025-07-07T14:59:09Z,3.73,0.41,3.32
shopify_11573336113311,shopify_#3523,Order,2025-07-07T14:53:49Z,2025-07-07T14:53:50Z,85.59,2.78,82.81
shopify_11573332246687,shopify_#3522,Order,2025-07-07T14:48:53Z,2025-07-07T14:48:54Z,172.49,5.30,167.19
shopify_11573324349599,shopify_#3521,Order,2025-07-07T14:43:37Z,2025-07-07T14:43:38Z,18.65,0.84,17.81
shopify_11573319270559,shopify_#3520,Order,2025-07-07T14:38:15Z,2025-07-07T14:38:16Z,11.19,0.62,10.57
shopify_11573266808991,shopify_#3519,Order,2025-07-07T13:47:15Z,2025-07-07T13:47:15Z,11.19,0.62,10.57
shopify_11573255209119,shopify_#3518,Order,2025-07-07T13:36:33Z,2025-07-07T13:38:01Z,8.63,0.55,8.08
shopify_11573255209119,shopify_#3518,Order,2025-07-07T13:38:01Z,2025-07-07T13:38:01Z,0.93,0.33,0.60
shopify_11573232861343,shopify_#3517,Order,2025-07-07T13:15:56Z,2025-07-07T13:16:10Z,10.00,0.59,9.41
shopify_11573232861343,shopify_#3517,Order,2025-07-07T13:15:56Z,2025-07-07T13:16:10Z,55.27,1.90,53.37
shopify_11573232861343,shopify_#3517,Order,2025-07-07T13:16:09Z,2025-07-07T13:16:10Z,55.27,1.90,53.37
shopify_11573232861343,shopify_#3517,Refund,2025-07-07T13:23:12Z,2025-07-07T13:16:10Z,-55.27,0.00,-55.27
shopify_11573156118687,shopify_#3516,Order,2025-07-07T11:57:43Z,2025-07-07T11:57:45Z,32.73,1.25,31.48
shopify_11573156118687,shopify_#3516,Refund,2025-07-07T12:45:14Z,2025-07-07T11:57:45Z,-15.00,0.00,-15.00
shopify_11573156118687,shopify_#3516,Refund,2025-07-07T12:45:22Z,2025-07-07T11:57:45Z,-4.90,0.00,-4.90
shopify_11573131280543,shopify_#3515,Order,2025-07-07T11:29:23Z,2025-07-07T11:29:24Z,183.87,5.63,178.24
shopify_11573131280543,shopify_#3515,Refund,2025-07-07T11:31:57Z,2025-07-07T11:29:24Z,-46.57,0.00,-46.57
shopify_11573131280543,shopify_#3515,Refund,2025-07-07T11:34:29Z,2025-07-07T11:29:24Z,-100.00,0.00,-100.00
shopify_11568472293535,shopify_#3514,Order,2025-07-04T17:58:20Z,2025-07-04T17:58:37Z,30.00,1.17,28.83
shopify_11568472293535,shopify_#3514,Order,2025-07-04T17:58:20Z,2025-07-04T17:58:37Z,35.27,1.32,33.95
shopify_11568472293535,shopify_#3514,Order,2025-07-04T17:58:37Z,2025-07-04T17:58:37Z,35.27,1.32,33.95
shopify_11568472293535,shopify_#3514,Refund,2025-07-04T18:03:55Z,2025-07-04T17:58:37Z,-30.00,0.00,-30.00
shopify_11568472293535,shopify_#3514,Refund,2025-07-04T18:03:55Z,2025-07-04T17:58:37Z,-35.27,0.00,-35.27
shopify_11568445882527,shopify_#3513,Order,2025-07-04T17:44:13Z,2025-07-04T17:44:27Z,10.00,0.59,9.41
shopify_11568445882527,shopify_#3513,Order,2025-07-04T17:44:13Z,2025-07-04T17:44:27Z,55.27,1.90,53.37
shopify_11568445882527,shopify_#3513,Order,2025-07-04T17:44:27Z,2025-07-04T17:44:27Z,55.27,1.90,53.37
shopify_11568445882527,shopify_#3513,Refund,2025-07-04T17:44:46Z,2025-07-04T17:44:27Z,-10.00,0.00,-10.00
shopify_11568445882527,shopify_#3513,Refund,2025-07-04T17:44:46Z,2025-07-04T17:44:27Z,-55.27,0.00,-55.27
shopify_11568417046687,shopify_#3512,Order,2025-07-04T17:25:25Z,2025-07-04T17:25:27Z,5.83,0.47,5.36
shopify_11568394371231,shopify_#3511,Order,2025-07-04T17:15:21Z,2025-07-04T17:15:36Z,10.00,0.59,9.41
shopify_11568394371231,shopify_#3511,Order,2025-07-04T17:15:21Z,2025-07-04T17:15:36Z,55.27,1.90,53.37
shopify_11568394371231,shopify_#3511,Order,2025-07-04T17:15:36Z,2025-07-04T17:15:36Z,55.27,1.90,53.37
shopify_11568394371231,shopify_#3511,Refund,2025-07-04T17:40:02Z,2025-07-04T17:15:36Z,-15.00,0.00,-15.00
shopify_11568318709919,shopify_#3510,Order,2025-07-04T16:59:07Z,2025-07-04T16:59:26Z,4.90,0.44,4.46
shopify_11568318709919,shopify_#3510,Order,2025-07-04T16:59:26Z,2025-07-04T16:59:26Z,4.90,0.44,4.46
shopify_11568305832095,shopify_#3509,Order,2025-07-04T16:47:33Z,2025-07-04T16:48:17Z,10.00,0.59,9.41
shopify_11568305832095,shopify_#3509,Order,2025-07-04T16:48:15Z,2025-07-04T16:48:17Z,55.27,1.90,53.37
shopify_11568231219359,shopify_#3508,Order,2025-07-04T15:56:31Z,2025-07-04T15:56:32Z,46.06,1.64,44.42
shopify_11568214507679,shopify_#3507,Order,2025-07-04T15:44:39Z,2025-07-04T15:44:40Z,15.00,0.73,14.27
shopify_11568083927199,shopify_#3506,Order,2025-07-04T14:05:44Z,2025-07-04T14:05:45Z,103.00,3.29,99.71
shopify_11568026189983,shopify_#3505,Order,2025-07-04T13:17:28Z,2025-07-04T13:17:29Z,100.00,3.20,96.80
shopify_11564561432735,shopify_#3504,Order,2025-07-02T13:51:14Z,2025-07-02T13:51:15Z,43.72,1.57,42.15
shopify_11564417646751,shopify_#3503,Order,2025-07-02T11:03:08Z,2025-07-02T11:03:09Z,50.55,1.77,48.78
shopify_11564412174495,shopify_#3502,Order,2025-07-02T10:59:23Z,2025-07-02T10:59:24Z,94.50,3.04,91.46
shopify_11555407495327,shopify_#3501,Order,2025-06-26T11:42:05Z,2025-06-26T11:42:06Z,4.10,0.42,3.68
shopify_11534375714975,shopify_#3500,Order,2025-06-11T21:41:50Z,2025-06-11T21:41:51Z,4.04,0.42,3.62
shopify_11525854396575,shopify_#3497,Order,2025-06-06T12:40:22Z,2025-06-06T12:40:23Z,1.03,0.33,0.70
shopify_11524399038623,shopify_#3496,Order,2025-06-05T12:19:40Z,2025-06-05T12:19:41Z,51.17,1.78,49.39
shopify_11523337912479,shopify_#3495,Order,2025-06-04T18:27:58Z,2025-06-04T18:27:59Z,23.85,0.99,22.86
shopify_11523294789791,shopify_#3494,Order,2025-06-04T17:59:50Z,2025-06-04T17:59:51Z,23.05,0.97,22.08
shopify_11523290628255,shopify_#3493,Order,2025-06-04T17:55:43Z,2025-06-04T17:55:43Z,22.40,0.95,21.45
shopify_11523290628255,shopify_#3493,Refund,2025-06-05T12:19:13Z,2025-06-04T17:55:43Z,-12.26,0.00,-12.26
shopify_11523289251999,shopify_#3492,Order,2025-06-04T17:54:10Z,2025-06-04T17:54:11Z,91.67,2.96,88.71
shopify_11523287548063,shopify_#3491,Order,2025-06-04T17:52:47Z,2025-06-04T17:52:47Z,13.14,0.68,12.46
shopify_11523268346015,shopify_#3490,Order,2025-06-04T17:36:07Z,2025-06-04T17:36:08Z,81.32,2.66,78.66
shopify_11520169836703,shopify_#3489,Order,2025-06-02T13:56:46Z,2025-06-02T13:56:47Z,3.00,0.39,2.61
shopify_11499815600287,shopify_#3488,Order,2025-05-20T12:28:28Z,2025-05-20T12:28:29Z,21.00,0.91,20.09
shopify_11499788337311,shopify_#3487,Order,2025-05-20T11:55:48Z,2025-05-20T11:55:49Z,9.89,0.59,9.30
shopify_11499679678623,shopify_#3486,Order,2025-05-20T09:53:42Z,2025-05-20T09:53:43Z,10.00,0.59,9.41
shopify_11499679678623,shopify_#3486,Refund,2025-05-20T11:26:29Z,2025-05-20T09:53:43Z,-10.00,0.00,-10.00
shopify_11498810769567,shopify_#3485,Order,2025-05-19T16:53:19Z,2025-05-19T16:53:20Z,10.00,0.59,9.41
shopify_11498810769567,shopify_#3485,Refund,2025-05-20T11:20:50Z,2025-05-19T16:53:20Z,-10.00,0.00,-10.00
shopify_11493507268767,shopify_#3484,Order,2025-05-15T17:30:31Z,2025-05-15T17:30:32Z,8.00,0.53,7.47
shopify_11493506613407,shopify_#3483,Order,2025-05-15T17:29:32Z,2025-05-15T17:29:32Z,7.00,0.50,6.50
shopify_11493504712863,shopify_#3482,Order,2025-05-15T17:27:51Z,2025-05-15T17:27:52Z,6.00,0.47,5.53
shopify_11491937157279,shopify_#3481,Order,2025-05-14T15:26:38Z,2025-05-14T15:26:38Z,5.00,0.45,4.55
shopify_11491936698527,shopify_#3480,Order,2025-05-14T15:25:57Z,2025-05-14T15:25:58Z,5.00,0.45,4.55
shopify_11488395886751,shopify_#3479,Order,2025-05-12T12:50:19Z,2025-05-12T12:50:54Z,10.00,0.59,9.41
shopify_11488395886751,shopify_#3479,Order,2025-05-12T12:50:19Z,2025-05-12T12:50:54Z,16.93,0.79,16.14
shopify_11488395886751,shopify_#3479,Order,2025-05-12T12:50:54Z,2025-05-12T12:50:54Z,16.93,0.79,16.14
shopify_11488393953439,shopify_#3478,Order,2025-05-12T12:47:46Z,2025-05-12T12:48:10Z,10.00,0.59,9.41
shopify_11488393953439,shopify_#3478,Order,2025-05-12T12:48:09Z,2025-05-12T12:48:10Z,16.93,0.79,16.14
shopify_11488373735583,shopify_#3477,Order,2025-05-12T12:24:13Z,2025-05-12T12:24:14Z,9.73,0.58,9.15
shopify_11484345696415,shopify_#3476,Order,2025-05-09T18:29:48Z,2025-05-09T18:29:49Z,21.98,0.94,21.04
shopify_11484344418463,shopify_#3475,Order,2025-05-09T18:29:05Z,2025-05-09T18:29:06Z,1.00,0.33,0.67
shopify_11484224880799,shopify_#3474,Order,2025-05-09T17:27:35Z,2025-05-09T17:27:36Z,21.98,0.94,21.04
shopify_11484222423199,shopify_#3473,Order,2025-05-09T17:25:15Z,2025-05-09T17:25:16Z,1.00,0.33,0.67
shopify_11483251572895,shopify_#3472,Order,2025-05-09T00:01:06Z,2025-05-09T00:02:12Z,90.00,2.91,87.09
shopify_11483251572895,shopify_#3472,Order,2025-05-09T00:02:12Z,2025-05-09T00:02:12Z,90.00,2.91,87.09
shopify_11483251572895,shopify_#3472,Refund,2025-05-09T00:02:26Z,2025-05-09T00:02:12Z,-10.00,0.00,-10.00
shopify_11483251572895,shopify_#3472,Refund,2025-05-09T13:23:56Z,2025-05-09T00:02:12Z,-20.00,0.00,-20.00
shopify_11483244789919,shopify_#3471,Order,2025-05-08T23:53:59Z,2025-05-08T23:54:33Z,75.70,2.50,73.20
shopify_11483244789919,shopify_#3471,Order,2025-05-08T23:54:33Z,2025-05-08T23:54:33Z,75.70,2.50,73.20
shopify_11483244789919,shopify_#3471,Refund,2025-05-08T23:55:30Z,2025-05-08T23:54:33Z,-32.44,0.00,-32.44
shopify_11483242037407,shopify_#3470,Order,2025-05-08T23:51:07Z,2025-05-08T23:51:42Z,64.88,2.18,62.70
shopify_11483242037407,shopify_#3470,Order,2025-05-08T23:51:42Z,2025-05-08T23:51:42Z,64.88,2.18,62.70
shopify_11483242037407,shopify_#3470,Refund,2025-05-08T23:52:19Z,2025-05-08T23:51:42Z,-64.88,0.00,-64.88
shopify_11483237351583,shopify_#3469,Order,2025-05-08T23:46:21Z,2025-05-08T23:47:14Z,24.90,1.02,23.88
shopify_11483237351583,shopify_#3469,Order,2025-05-08T23:47:14Z,2025-05-08T23:47:14Z,24.90,1.02,23.88
shopify_11483237351583,shopify_#3469,Refund,2025-05-08T23:47:37Z,2025-05-08T23:47:14Z,-10.00,0.00,-10.00
shopify_11483232272543,shopify_#3468,Order,2025-05-08T23:41:42Z,2025-05-08T23:42:11Z,34.90,1.31,33.59
shopify_11483232272543,shopify_#3468,Order,2025-05-08T23:42:11Z,2025-05-08T23:42:11Z,34.90,1.31,33.59
shopify_11483232272543,shopify_#3468,Refund,2025-05-08T23:42:33Z,2025-05-08T23:42:11Z,-34.90,0.00,-34.90
shopify_11483227324575,shopify_#3467,Order,2025-05-08T23:36:06Z,2025-05-08T23:38:12Z,70.00,2.33,67.67
shopify_11483227324575,shopify_#3467,Order,2025-05-08T23:37:59Z,2025-05-08T23:38:12Z,0.00,0.30,-0.30
shopify_11483227324575,shopify_#3467,Order,2025-05-08T23:37:59Z,2025-05-08T23:38:12Z,69.30,2.31,66.99
shopify_11483227324575,shopify_#3467,Order,2025-05-08T23:38:12Z,2025-05-08T23:38:12Z,69.30,2.31,66.99
shopify_11483227324575,shopify_#3467,Refund,2025-05-08T23:38:35Z,2025-05-08T23:38:12Z,-9.90,0.00,-9.90
shopify_11483219755167,shopify_#3466,Order,2025-05-08T23:28:59Z,2025-05-08T23:30:42Z,60.00,2.04,57.96
shopify_11483219755167,shopify_#3466,Order,2025-05-08T23:30:41Z,2025-05-08T23:30:42Z,60.00,2.04,57.96
shopify_11483219755167,shopify_#3466,Refund,2025-05-08T23:33:17Z,2025-05-08T23:30:42Z,-60.00,0.00,-60.00
shopify_11483215429791,shopify_#3465,Order,2025-05-08T23:23:53Z,2025-05-08T23:24:31Z,60.00,2.04,57.96
shopify_11483215429791,shopify_#3465,Order,2025-05-08T23:24:31Z,2025-05-08T23:24:31Z,60.00,2.04,57.96
shopify_11483215429791,shopify_#3465,Refund,2025-05-09T12:42:23Z,2025-05-08T23:24:31Z,-10.00,0.00,-10.00
shopify_11483211268255,shopify_#3464,Order,2025-05-08T23:18:33Z,2025-05-08T23:20:09Z,34.90,1.31,33.59
shopify_11483211268255,shopify_#3464,Order,2025-05-08T23:20:08Z,2025-05-08T23:20:09Z,34.90,1.31,33.59
shopify_11483211268255,shopify_#3464,Refund,2025-05-08T23:20:32Z,2025-05-08T23:20:09Z,-4.90,0.00,-4.90
shopify_11483165294751,shopify_#3463,Order,2025-05-08T22:30:44Z,2025-05-08T22:31:01Z,70.00,2.33,67.67
shopify_11483165294751,shopify_#3463,Order,2025-05-08T22:31:01Z,2025-05-08T22:31:01Z,70.00,2.33,67.67
shopify_11483165294751,shopify_#3463,Refund,2025-05-08T22:31:47Z,2025-05-08T22:31:01Z,-70.00,0.00,-70.00
shopify_11483160084639,shopify_#3462,Order,2025-05-08T22:27:29Z,2025-05-08T22:28:50Z,60.00,2.04,57.96
shopify_11483160084639,shopify_#3462,Order,2025-05-08T22:28:50Z,2025-05-08T22:28:50Z,60.00,2.04,57.96
shopify_11483160084639,shopify_#3462,Refund,2025-05-08T22:29:00Z,2025-05-08T22:28:50Z,-60.00,0.00,-60.00
shopify_11483157659807,shopify_#3461,Order,2025-05-08T22:24:32Z,2025-05-08T22:24:45Z,70.00,2.33,67.67
shopify_11483157659807,shopify_#3461,Order,2025-05-08T22:24:45Z,2025-05-08T22:24:45Z,70.00,2.33,67.67
shopify_11483157659807,shopify_#3461,Refund,2025-05-08T22:25:09Z,2025-05-08T22:24:45Z,-70.00,0.00,-70.00
shopify_11483155103903,shopify_#3460,Order,2025-05-08T22:21:50Z,2025-05-08T22:22:17Z,60.00,2.04,57.96
shopify_11483155103903,shopify_#3460,Order,2025-05-08T22:22:17Z,2025-05-08T22:22:17Z,60.00,2.04,57.96
shopify_11483155103903,shopify_#3460,Refund,2025-05-08T22:22:30Z,2025-05-08T22:22:17Z,-10.00,0.00,-10.00
shopify_11483152154783,shopify_#3459,Order,2025-05-08T22:18:27Z,2025-05-08T22:19:35Z,34.90,1.31,33.59
shopify_11483152154783,shopify_#3459,Order,2025-05-08T22:19:35Z,2025-05-08T22:19:35Z,34.90,1.31,33.59
shopify_11483152154783,shopify_#3459,Refund,2025-05-08T22:20:16Z,2025-05-08T22:19:35Z,-4.90,0.00,-4.90
shopify_11483145076895,shopify_#3458,Order,2025-05-08T22:12:30Z,2025-05-08T22:13:29Z,50.00,1.75,48.25
shopify_11483145076895,shopify_#3458,Order,2025-05-08T22:13:29Z,2025-05-08T22:13:29Z,50.00,1.75,48.25
shopify_11483145076895,shopify_#3458,Refund,2025-05-08T22:14:26Z,2025-05-08T22:13:29Z,-10.00,0.00,-10.00
shopify_11482760675487,shopify_#3457,Order,2025-05-08T16:55:06Z,2025-05-08T17:13:22Z,34.90,1.31,33.59
shopify_11482760675487,shopify_#3457,Order,2025-05-08T17:13:11Z,2025-05-08T17:13:22Z,0.00,0.30,-0.30
shopify_11482760675487,shopify_#3457,Order,2025-05-08T17:13:11Z,2025-05-08T17:13:22Z,44.90,1.60,43.30
shopify_11482760675487,shopify_#3457,Order,2025-05-08T17:13:22Z,2025-05-08T17:13:22Z,44.90,1.60,43.30
shopify_11482735837343,shopify_#3456,Order,2025-05-08T16:33:08Z,2025-05-08T16:33:55Z,48.55,1.71,46.84
shopify_11482735837343,shopify_#3456,Order,2025-05-08T16:33:48Z,2025-05-08T16:33:55Z,0.00,0.30,-0.30
shopify_11482735837343,shopify_#3456,Order,2025-05-08T16:33:48Z,2025-05-08T16:33:55Z,44.23,1.58,42.65
shopify_11482735837343,shopify_#3456,Order,2025-05-08T16:33:55Z,2025-05-08T16:33:55Z,44.23,1.58,42.65
shopify_11482700546207,shopify_#3455,Order,2025-05-08T16:03:44Z,2025-05-08T16:04:42Z,1.00,0.33,0.67
shopify_11482700546207,shopify_#3455,Order,2025-05-08T16:03:44Z,2025-05-08T16:04:42Z,37.38,1.38,36.00
shopify_11482700546207,shopify_#3455,Order,2025-05-08T16:04:42Z,2025-05-08T16:04:42Z,37.38,1.38,36.00
shopify_11482637041823,shopify_#3454,Order,2025-05-08T15:02:08Z,,26.93,1.08,25.85
shopify_11482631930015,shopify_#3453,Order,2025-05-08T14:58:56Z,2025-05-08T14:59:28Z,21.52,0.92,20.60
shopify_11482631930015,shopify_#3453,Order,2025-05-08T14:59:28Z,2025-05-08T14:59:28Z,21.52,0.92,20.60
shopify_11482629374111,shopify_#3452,Order,2025-05-08T14:55:21Z,2025-05-08T14:56:21Z,131.39,4.11,127.28
shopify_11482629374111,shopify_#3452,Order,2025-05-08T14:56:21Z,2025-05-08T14:56:21Z,131.39,4.11,127.28
shopify_11482459308191,shopify_#3451,Order,2025-05-08T11:59:17Z,2025-05-08T12:00:06Z,99.14,3.18,95.96
shopify_11482459308191,shopify_#3451,Order,2025-05-08T12:00:06Z,2025-05-08T12:00:06Z,99.14,3.18,95.96
shopify_11482445185183,shopify_#3450,Order,2025-05-08T11:46:51Z,2025-05-08T11:47:07Z,54.08,1.87,52.21
shopify_11482445185183,shopify_#3450,Order,2025-05-08T11:47:07Z,2025-05-08T11:47:07Z,54.08,1.87,52.21
shopify_11482441220255,shopify_#3449,Order,2025-05-08T11:44:34Z,2025-05-08T11:44:49Z,16.13,0.77,15.36
shopify_11482441220255,shopify_#3449,Order,2025-05-08T11:44:48Z,2025-05-08T11:44:49Z,16.13,0.77,15.36
shopify_11481535447199,shopify_#3448,Order,2025-05-07T19:37:35Z,2025-05-07T19:37:57Z,21.13,0.91,20.22
shopify_11481535447199,shopify_#3448,Order,2025-05-07T19:37:57Z,2025-05-07T19:37:57Z,21.13,0.91,20.22
shopify_11481529778335,shopify_#3447,Order,2025-05-07T19:35:02Z,2025-05-07T19:35:18Z,17.13,0.80,16.33
shopify_11481529778335,shopify_#3447,Order,2025-05-07T19:35:18Z,2025-05-07T19:35:18Z,17.13,0.80,16.33
shopify_11481518080159,shopify_#3446,Order,2025-05-07T19:26:49Z,2025-05-07T19:27:11Z,29.90,1.17,28.73
shopify_11481518080159,shopify_#3446,Order,2025-05-07T19:27:11Z,2025-05-07T19:27:11Z,29.90,1.17,28.73
shopify_11481513918623,shopify_#3445,Order,2025-05-07T19:23:12Z,2025-05-07T19:25:35Z,20.00,0.88,19.12
shopify_11481513918623,shopify_#3445,Order,2025-05-07T19:25:35Z,2025-05-07T19:25:35Z,20.00,0.88,19.12
shopify_11481508970655,shopify_#3444,Order,2025-05-07T19:18:09Z,2025-05-07T19:18:50Z,33.80,1.28,32.52
shopify_11481508970655,shopify_#3444,Order,2025-05-07T19:18:50Z,2025-05-07T19:18:50Z,33.80,1.28,32.52
shopify_11481506513055,shopify_#3443,Order,2025-05-07T19:15:56Z,2025-05-07T19:16:34Z,19.90,0.88,19.02
shopify_11481506513055,shopify_#3443,Order,2025-05-07T19:16:34Z,2025-05-07T19:16:34Z,19.90,0.88,19.02
shopify_11481406308511,shopify_#3442,Order,2025-05-07T18:02:53Z,,250.00,7.55,242.45
shopify_11481403621535,shopify_#3441,Order,2025-05-07T18:00:41Z,2025-05-07T18:01:12Z,300.00,9.00,291.00
shopify_11481403621535,shopify_#3441,Order,2025-05-07T18:01:11Z,2025-05-07T18:01:12Z,300.00,9.00,291.00
shopify_11481401327775,shopify_#3440,Order,2025-05-07T17:59:33Z,2025-05-07T18:38:12Z,200.00,6.10,193.90
shopify_11481401327775,shopify_#3440,Order,2025-05-07T18:38:12Z,2025-05-07T18:38:12Z,200.00,6.10,193.90
shopify_11481396347039,shopify_#3439,Order,2025-05-07T17:53:54Z,,70.00,2.33,67.67
shopify_11481390121119,shopify_#3438,Order,2025-05-07T17:47:04Z,2025-05-07T17:47:31Z,60.00,2.04,57.96
shopify_11481390121119,shopify_#3438,Order,2025-05-07T17:47:31Z,2025-05-07T17:47:31Z,60.00,2.04,57.96
shopify_11481388744863,shopify_#3437,Order,2025-05-07T17:45:39Z,2025-05-07T18:38:22Z,50.00,1.75,48.25
shopify_11481388744863,shopify_#3437,Order,2025-05-07T18:38:22Z,2025-05-07T18:38:22Z,50.00,1.75,48.25
shopify_11481383764127,shopify_#3436,Order,2025-05-07T17:43:04Z,,14.90,0.73,14.17
shopify_11481382846623,shopify_#3435,Order,2025-05-07T17:42:01Z,2025-05-07T17:42:16Z,14.90,0.73,14.17
shopify_11481382846623,shopify_#3435,Order,2025-05-07T17:42:16Z,2025-05-07T17:42:16Z,14.90,0.73,14.17
shopify_11481380683935,shopify_#3434,Order,2025-05-07T17:38:58Z,2025-05-07T18:38:28Z,24.90,1.02,23.88
shopify_11481380683935,shopify_#3434,Order,2025-05-07T18:38:28Z,2025-05-07T18:38:28Z,24.90,1.02,23.88
shopify_11481332777119,shopify_#3433,Order,2025-05-07T16:55:37Z,,34.90,1.31,33.59
shopify_11481331531935,shopify_#3432,Order,2025-05-07T16:54:31Z,2025-05-07T16:54:47Z,14.90,0.73,14.17
shopify_11481331531935,shopify_#3432,Order,2025-05-07T16:54:47Z,2025-05-07T16:54:47Z,14.90,0.73,14.17
shopify_11481330286751,shopify_#3431,Order,2025-05-07T16:53:00Z,2025-05-07T16:59:36Z,24.90,1.02,23.88
shopify_11481330286751,shopify_#3431,Order,2025-05-07T16:59:36Z,2025-05-07T16:59:36Z,24.90,1.02,23.88
shopify_11481326125215,shopify_#3430,Order,2025-05-07T16:48:07Z,,100.00,3.20,96.80
shopify_11481324355743,shopify_#3429,Order,2025-05-07T16:45:58Z,2025-05-07T16:46:16Z,90.00,2.91,87.09
shopify_11481324355743,shopify_#3429,Order,2025-05-07T16:46:16Z,2025-05-07T16:46:16Z,90.00,2.91,87.09
shopify_11481320128671,shopify_#3428,Order,2025-05-07T16:43:44Z,2025-05-07T17:00:05Z,50.00,1.75,48.25
shopify_11481320128671,shopify_#3428,Order,2025-05-07T17:00:05Z,2025-05-07T17:00:05Z,50.00,1.75,48.25
shopify_11481268125855,shopify_#3427,Order,2025-05-07T15:53:13Z,,34.90,1.31,33.59
shopify_11481233817759,shopify_#3426,Order,2025-05-07T15:31:39Z,2025-05-07T15:31:58Z,24.90,1.02,23.88
shopify_11481233817759,shopify_#3426,Order,2025-05-07T15:31:58Z,2025-05-07T15:31:58Z,24.90,1.02,23.88
shopify_11481222742175,shopify_#3425,Order,2025-05-07T15:20:42Z,2025-05-07T15:26:46Z,14.90,0.73,14.17
shopify_11481222742175,shopify_#3425,Order,2025-05-07T15:26:46Z,2025-05-07T15:26:46Z,14.90,0.73,14.17
shopify_11479774167199,shopify_#3424,Order,2025-05-06T16:24:41Z,2025-05-06T16:24:42Z,50.00,1.75,48.25
shopify_11479768498335,shopify_#3423,Order,2025-05-06T16:17:11Z,2025-05-06T16:17:12Z,30.00,1.17,28.83
shopify_11479745560735,shopify_#3422,Order,2025-05-06T15:57:44Z,2025-05-06T15:57:44Z,10.00,0.59,9.41
shopify_11479714398367,shopify_#3421,Order,2025-05-06T15:31:10Z,2025-05-06T15:31:11Z,15.00,0.73,14.27
shopify_11479476240543,shopify_#3420,Order,2025-05-06T11:01:50Z,2025-05-06T11:01:51Z,1099.95,32.20,1067.75
shopify_11479476240543,shopify_#3420,Refund,2025-05-06T11:04:15Z,2025-05-06T11:01:51Z,-1099.95,0.00,-1099.95
shopify_11479446945951,shopify_#3419,Order,2025-05-06T10:26:16Z,2025-05-06T10:26:17Z,1101.95,32.26,1069.69
shopify_11479446945951,shopify_#3419,Refund,2025-05-06T10:33:38Z,2025-05-06T10:26:17Z,-10.78,0.00,-10.78
shopify_11479446945951,shopify_#3419,Refund,2025-05-06T10:33:59Z,2025-05-06T10:26:17Z,-1091.17,0.00,-1091.17
shopify_11478615031967,shopify_#3418,Order,2025-05-05T19:48:30Z,2025-05-05T19:49:13Z,10.90,0.62,10.28
shopify_11478615031967,shopify_#3418,Order,2025-05-05T19:49:13Z,2025-05-05T19:49:13Z,10.90,0.62,10.28
shopify_11478577807519,shopify_#3417,Order,2025-05-05T19:17:22Z,2025-05-05T19:17:23Z,51.47,1.79,49.68
shopify_11478577807519,shopify_#3417,Refund,2025-05-05T19:24:54Z,2025-05-05T19:17:23Z,-40.69,0.00,-40.69
shopify_11478577807519,shopify_#3417,Refund,2025-05-05T19:25:08Z,2025-05-05T19:17:23Z,-10.78,0.00,-10.78
shopify_11478448537759,shopify_#3416,Order,2025-05-05T17:43:35Z,2025-05-05T17:43:36Z,6.44,0.49,5.95
shopify_11478447227039,shopify_#3415,Order,2025-05-05T17:42:03Z,2025-05-05T17:42:04Z,17.33,0.80,16.53
shopify_11478447227039,shopify_#3415,Refund,2025-05-05T17:49:00Z,2025-05-05T17:42:04Z,-17.33,0.00,-17.33
shopify_11459190685855,shopify_#3414,Order,2025-04-22T18:49:44Z,2025-04-22T18:49:45Z,4000.00,116.30,3883.70
shopify_11459167977631,shopify_#3413,Order,2025-04-22T18:30:46Z,2025-04-22T18:30:47Z,1000.00,29.30,970.70
shopify_11459155591327,shopify_#3412,Order,2025-04-22T18:18:44Z,2025-04-22T18:18:45Z,1000.00,29.30,970.70
shopify_11459147169951,shopify_#3411,Order,2025-04-22T18:10:23Z,2025-04-22T18:10:23Z,1000.00,29.30,970.70
shopify_11459136127135,shopify_#3410,Order,2025-04-22T17:59:41Z,2025-04-22T17:59:42Z,1003.00,29.39,973.61
shopify_11459136127135,shopify_#3410,Refund,2025-04-22T17:59:55Z,2025-04-22T17:59:42Z,-3.00,0.00,-3.00
shopify_11459134128287,shopify_#3409,Order,2025-04-22T17:56:59Z,2025-04-22T17:56:59Z,10000.00,290.30,9709.70
shopify_11459134128287,shopify_#3409,Refund,2025-04-22T17:57:59Z,2025-04-22T17:56:59Z,-10000.00,0.00,-10000.00
shopify_11459131244703,shopify_#3408,Order,2025-04-22T17:53:04Z,2025-04-22T17:53:05Z,7000.00,203.30,6796.70
shopify_11459131244703,shopify_#3408,Refund,2025-04-22T17:53:17Z,2025-04-22T17:53:05Z,-7000.00,0.00,-7000.00
shopify_11459129606303,shopify_#3407,Order,2025-04-22T17:50:42Z,2025-04-22T17:50:43Z,5000.00,145.30,4854.70
shopify_11459129606303,shopify_#3407,Refund,2025-04-22T17:51:04Z,2025-04-22T17:50:43Z,-5000.00,0.00,-5000.00
shopify_11459124363423,shopify_#3406,Order,2025-04-22T17:46:37Z,2025-04-22T17:46:37Z,3000.00,87.30,2912.70
shopify_11459124363423,shopify_#3406,Refund,2025-04-22T17:47:18Z,2025-04-22T17:46:37Z,-2000.00,0.00,-2000.00
shopify_11459122659487,shopify_#3405,Order,2025-04-22T17:44:07Z,2025-04-22T17:44:07Z,2000.00,58.30,1941.70
shopify_11459122659487,shopify_#3405,Refund,2025-04-22T17:44:48Z,2025-04-22T17:44:07Z,-1.00,0.00,-1.00
shopify_11459119644831,shopify_#3404,Order,2025-04-22T17:39:42Z,2025-04-22T17:39:42Z,2000.00,58.30,1941.70
shopify_11459119644831,shopify_#3404,Refund,2025-04-22T17:40:39Z,2025-04-22T17:39:42Z,-1000.00,0.00,-1000.00
shopify_11459038707871,shopify_#3403,Order,2025-04-22T16:18:15Z,2025-04-22T16:18:16Z,119.81,3.77,116.04
shopify_11459031367839,shopify_#3402,Order,2025-04-22T16:12:24Z,2025-04-22T16:12:25Z,10.00,0.59,9.41
shopify_11459029729439,shopify_#3401,Order,2025-04-22T16:10:01Z,2025-04-22T16:10:01Z,109.88,3.49,106.39
shopify_11459017867423,shopify_#3400,Order,2025-04-22T16:03:18Z,2025-04-22T16:03:18Z,13.09,0.68,12.41
shopify_11458965504159,shopify_#3398,Order,2025-04-22T15:18:44Z,2025-04-22T15:18:45Z,20.00,0.88,19.12
shopify_11458943385759,shopify_#3397,Order,2025-04-22T14:53:54Z,2025-04-22T14:53:55Z,30.00,1.17,28.83
shopify_11458929819807,shopify_#3396,Order,2025-04-22T14:38:28Z,2025-04-22T14:38:28Z,12.00,0.65,11.35
shopify_11458890694815,shopify_#3394,Order,2025-04-22T13:48:49Z,2025-04-22T13:48:50Z,0.10,0.30,-0.20
shopify_11458826174623,shopify_#3392,Order,2025-04-22T12:45:21Z,2025-04-22T12:45:22Z,1.00,0.33,0.67
shopify_11453886202015,shopify_#3391,Order,2025-04-18T16:44:34Z,2025-04-18T16:44:34Z,109.88,3.49,106.39
shopify_11452564570271,shopify_#3390,Order,2025-04-17T17:35:57Z,2025-04-17T17:41:29Z,5.90,0.47,5.43
shopify_11452564570271,shopify_#3390,Order,2025-04-17T17:41:29Z,2025-04-17T17:41:29Z,5.90,0.47,5.43
shopify_11452563849375,shopify_#3389,Order,2025-04-17T17:35:05Z,2025-04-17T17:41:39Z,5.90,0.47,5.43
shopify_11452563849375,shopify_#3389,Order,2025-04-17T17:41:37Z,2025-04-17T17:41:39Z,5.90,0.47,5.43
shopify_11452560572575,shopify_#3388,Order,2025-04-17T17:33:59Z,2025-04-17T17:33:59Z,49.95,1.75,48.20
shopify_11452476358815,shopify_#3387,Order,2025-04-17T16:17:43Z,2025-04-17T16:30:05Z,10.90,0.62,10.28
shopify_11452476358815,shopify_#3387,Order,2025-04-17T16:30:05Z,2025-04-17T16:30:05Z,10.90,0.62,10.28
shopify_11452475408543,shopify_#3386,Order,2025-04-17T16:16:31Z,2025-04-17T16:30:00Z,5.90,0.47,5.43
shopify_11452475408543,shopify_#3386,Order,2025-04-17T16:30:00Z,2025-04-17T16:30:00Z,5.90,0.47,5.43
shopify_11452473868447,shopify_#3385,Order,2025-04-17T16:15:08Z,2025-04-17T16:29:55Z,10.90,0.62,10.28
shopify_11452473868447,shopify_#3385,Order,2025-04-17T16:29:54Z,2025-04-17T16:29:55Z,10.90,0.62,10.28
shopify_11452471836831,shopify_#3384,Order,2025-04-17T16:13:48Z,2025-04-17T16:29:23Z,5.90,0.47,5.43
shopify_11452471836831,shopify_#3384,Order,2025-04-17T16:29:22Z,2025-04-17T16:29:23Z,5.90,0.47,5.43
shopify_11452469837983,shopify_#3383,Order,2025-04-17T16:12:47Z,2025-04-17T16:12:49Z,164.82,5.08,159.74
shopify_11452468068511,shopify_#3382,Order,2025-04-17T16:11:20Z,2025-04-17T16:11:21Z,54.88,1.89,52.99
shopify_11452381757599,shopify_#3381,Order,2025-04-17T14:55:29Z,2025-04-17T14:59:46Z,5.90,0.47,5.43
shopify_11452381757599,shopify_#3381,Order,2025-04-17T14:59:45Z,2025-04-17T14:59:46Z,5.90,0.47,5.43
shopify_11452381200543,shopify_#3380,Order,2025-04-17T14:54:31Z,2025-04-17T14:58:38Z,10.90,0.62,10.28
shopify_11452381200543,shopify_#3380,Order,2025-04-17T14:58:38Z,2025-04-17T14:58:38Z,10.90,0.62,10.28
shopify_11452298592415,shopify_#3379,Order,2025-04-17T13:29:04Z,2025-04-17T13:38:00Z,5.90,0.47,5.43
shopify_11452298592415,shopify_#3379,Order,2025-04-17T13:38:00Z,2025-04-17T13:38:00Z,5.90,0.47,5.43
shopify_11452279685279,shopify_#3378,Order,2025-04-17T13:06:17Z,2025-04-17T13:06:18Z,3.00,0.39,2.61
shopify_11452279226527,shopify_#3377,Order,2025-04-17T13:05:43Z,,9.90,0.59,9.31
shopify_11452275294367,shopify_#3376,Order,2025-04-17T13:04:36Z,2025-04-17T13:12:00Z,8.90,0.56,8.34
shopify_11452275294367,shopify_#3376,Order,2025-04-17T13:11:59Z,2025-04-17T13:12:00Z,8.90,0.56,8.34
shopify_11452274475167,shopify_#3375,Order,2025-04-17T13:03:23Z,2025-04-17T13:12:40Z,8.90,0.56,8.34
shopify_11452274475167,shopify_#3375,Order,2025-04-17T13:12:39Z,2025-04-17T13:12:40Z,8.90,0.56,8.34
shopify_11452266217631,shopify_#3374,Order,2025-04-17T12:51:32Z,2025-04-17T12:55:13Z,5.90,0.47,5.43
shopify_11452266217631,shopify_#3374,Order,2025-04-17T12:55:13Z,2025-04-17T12:55:13Z,5.90,0.47,5.43
shopify_11452258320543,shopify_#3373,Order,2025-04-17T12:44:10Z,2025-04-17T12:44:11Z,3.00,0.39,2.61
shopify_11452238495903,shopify_#3372,Order,2025-04-17T12:19:23Z,2025-04-17T12:23:42Z,10.90,0.62,10.28
shopify_11452238495903,shopify_#3372,Order,2025-04-17T12:23:41Z,2025-04-17T12:23:42Z,10.90,0.62,10.28
shopify_11452234563743,shopify_#3371,Order,2025-04-17T12:17:55Z,2025-04-17T12:23:08Z,5.90,0.47,5.43
shopify_11452234563743,shopify_#3371,Order,2025-04-17T12:23:08Z,2025-04-17T12:23:08Z,5.90,0.47,5.43
shopify_11452214673567,shopify_#3370,Order,2025-04-17T11:52:08Z,2025-04-17T11:59:10Z,5.90,0.47,5.43
shopify_11452214673567,shopify_#3370,Order,2025-04-17T11:59:09Z,2025-04-17T11:59:10Z,5.90,0.47,5.43
shopify_11452214378655,shopify_#3369,Order,2025-04-17T11:51:12Z,2025-04-17T11:59:29Z,8.90,0.56,8.34
shopify_11452214378655,shopify_#3369,Order,2025-04-17T11:59:28Z,2025-04-17T11:59:29Z,8.90,0.56,8.34
shopify_11452164014239,shopify_#3368,Order,2025-04-17T11:00:28Z,2025-04-17T11:16:20Z,5.90,0.47,5.43
shopify_11452164014239,shopify_#3368,Order,2025-04-17T11:16:19Z,2025-04-17T11:16:20Z,5.90,0.47,5.43
shopify_11452163162271,shopify_#3367,Order,2025-04-17T10:58:53Z,2025-04-17T10:58:53Z,5.00,0.45,4.55
shopify_11451233861791,shopify_#3366,Order,2025-04-16T17:29:31Z,2025-04-16T17:29:32Z,163.55,5.04,158.51
shopify_11451203551391,shopify_#3365,Order,2025-04-16T16:57:58Z,2025-04-16T16:57:59Z,13.19,0.68,12.51
shopify_11451179827359,shopify_#3364,Order,2025-04-16T16:37:08Z,2025-04-16T16:37:09Z,19.90,0.88,19.02
shopify_11451173732511,shopify_#3363,Order,2025-04-16T16:31:15Z,,21.90,0.94,20.96
shopify_11451146764447,shopify_#3362,Order,2025-04-16T16:13:45Z,,35.90,1.34,34.56
shopify_11451144175775,shopify_#3361,Order,2025-04-16T16:12:01Z,,9.90,0.59,9.31
shopify_11451131953311,shopify_#3360,Order,2025-04-16T16:04:45Z,,5.90,0.47,5.43
shopify_11451127726239,shopify_#3359,Order,2025-04-16T16:02:39Z,2025-04-16T18:25:09Z,100.00,3.20,96.80
shopify_11451127726239,shopify_#3359,Order,2025-04-16T18:25:08Z,2025-04-16T18:25:09Z,100.00,3.20,96.80
shopify_11451126284447,shopify_#3358,Order,2025-04-16T16:00:40Z,2025-04-16T18:24:21Z,5.90,0.47,5.43
shopify_11451126284447,shopify_#3358,Order,2025-04-16T18:24:21Z,2025-04-16T18:24:21Z,5.90,0.47,5.43
shopify_11450989215903,shopify_#3356,Order,2025-04-16T13:35:26Z,2025-04-16T13:37:36Z,500.00,14.80,485.20
shopify_11450989215903,shopify_#3356,Order,2025-04-16T13:37:36Z,2025-04-16T13:37:36Z,598.75,17.66,581.09
shopify_11448978210975,shopify_#3355,Order,2025-04-15T10:23:53Z,2025-04-15T10:39:41Z,91.79,2.96,88.83
shopify_11448978210975,shopify_#3355,Order,2025-04-15T10:39:40Z,2025-04-15T10:39:41Z,91.79,2.96,88.83
shopify_11448102650015,shopify_#3354,Order,2025-04-14T19:21:39Z,2025-04-14T19:21:40Z,164.82,5.08,159.74
shopify_11447981768863,shopify_#3353,Order,2025-04-14T17:55:07Z,2025-04-14T17:55:09Z,3.00,0.39,2.61
shopify_11447914823839,shopify_#3352,Order,2025-04-14T16:45:49Z,2025-04-14T16:48:30Z,91.79,2.96,88.83
shopify_11447914823839,shopify_#3352,Order,2025-04-14T16:48:28Z,2025-04-14T16:48:30Z,91.79,2.96,88.83
shopify_11447880581279,shopify_#3351,Order,2025-04-14T16:13:33Z,2025-04-14T16:18:00Z,8.90,0.56,8.34
shopify_11447880581279,shopify_#3351,Order,2025-04-14T16:17:59Z,2025-04-14T16:18:00Z,8.90,0.56,8.34
shopify_11447816683679,shopify_#3350,Order,2025-04-14T15:05:57Z,2025-04-14T15:09:48Z,5.90,0.47,5.43
shopify_11447816683679,shopify_#3350,Order,2025-04-14T15:09:46Z,2025-04-14T15:09:48Z,5.90,0.47,5.43
shopify_11447768449183,shopify_#3349,Order,2025-04-14T14:20:43Z,2025-04-14T14:28:58Z,5.90,0.47,5.43
shopify_11447768449183,shopify_#3349,Order,2025-04-14T14:28:57Z,2025-04-14T14:28:58Z,5.90,0.47,5.43
shopify_11447706288287,shopify_#3348,Order,2025-04-14T13:13:24Z,2025-04-14T13:15:42Z,9.77,0.58,9.19
shopify_11447706288287,shopify_#3348,Order,2025-04-14T13:15:41Z,2025-04-14T13:15:42Z,9.77,0.58,9.19
shopify_11447688233119,shopify_#3347,Order,2025-04-14T12:47:43Z,2025-04-14T13:06:25Z,58.29,1.99,56.30
shopify_11447688233119,shopify_#3347,Order,2025-04-14T13:06:25Z,2025-04-14T13:06:25Z,58.29,1.99,56.30
shopify_11447686955167,shopify_#3346,Order,2025-04-14T12:45:36Z,2025-04-14T12:45:36Z,4.00,0.42,3.58
shopify_11432954495135,shopify_#3345,Order,2025-04-03T14:49:47Z,2025-04-03T14:51:03Z,155.00,4.79,150.21
shopify_11432954495135,shopify_#3345,Order,2025-04-03T14:51:03Z,2025-04-03T14:51:03Z,176.73,5.43,171.30
shopify_11432772272287,shopify_#3344,Order,2025-04-03T11:59:02Z,2025-04-03T12:13:54Z,12.50,0.66,11.84
shopify_11432772272287,shopify_#3344,Order,2025-04-03T12:13:53Z,2025-04-03T12:13:54Z,12.50,0.66,11.84
shopify_11431546978463,shopify_#3342,Order,2025-04-17T10:44:54Z,2025-04-17T10:44:54Z,215.47,6.55,208.92
shopify_11431544586399,shopify_#3341,Order,2025-04-17T10:45:48Z,2025-04-17T10:45:49Z,100.95,3.23,97.72
shopify_11423307432095,shopify_#3340,Order,2025-03-27T13:36:38Z,2025-03-27T13:36:39Z,250.63,7.57,243.06
shopify_11423290130591,shopify_#3339,Order,2025-03-27T13:17:17Z,2025-03-27T13:17:37Z,118.44,3.73,114.71
shopify_11423290130591,shopify_#3339,Order,2025-03-27T13:17:37Z,2025-03-27T13:17:37Z,118.44,3.73,114.71
shopify_11423265882271,shopify_#3338,Order,2025-03-27T13:11:04Z,2025-03-27T13:11:06Z,118.44,3.73,114.71
shopify_11423257067679,shopify_#3337,Order,2025-03-27T12:53:03Z,2025-03-27T12:53:03Z,120.00,3.78,116.22
shopify_11423204442271,shopify_#3336,Order,2025-03-27T11:53:47Z,2025-03-27T11:53:47Z,240.63,7.28,233.35
shopify_11423201951903,shopify_#3335,Order,2025-03-27T11:50:09Z,2025-03-27T11:50:10Z,122.38,3.85,118.53
shopify_11418443972767,shopify_#3334,Order,2025-03-24T11:36:06Z,2025-03-25T14:30:08Z,70.68,2.35,68.33
shopify_11418443972767,shopify_#3334,Order,2025-03-25T14:30:08Z,2025-03-25T14:30:08Z,70.67,2.35,68.32
shopify_11418441220255,shopify_#3332,Order,2025-03-24T11:31:03Z,2025-03-24T11:31:04Z,36.98,1.37,35.61
shopify_11418419560607,shopify_#3331,Order,2025-03-24T11:02:39Z,2025-03-24T11:02:59Z,32.52,1.24,31.28
shopify_11418419560607,shopify_#3331,Order,2025-03-24T11:02:59Z,2025-03-24T11:02:59Z,32.52,1.24,31.28
shopify_11409075962015,shopify_#3329,Order,2025-03-17T19:50:51Z,2025-03-17T19:50:52Z,19.49,0.87,18.62
shopify_11406848622751,shopify_#3328,Order,2025-03-16T19:17:41Z,2025-03-16T19:17:42Z,53.19,1.84,51.35
shopify_11406840725663,shopify_#3327,Order,2025-03-16T19:15:51Z,2025-03-16T19:15:52Z,25.29,1.03,24.26
shopify_11398943113375,shopify_#3326,Order,2025-03-11T17:42:18Z,2025-03-11T17:42:19Z,109.38,3.47,105.91
shopify_11398943113375,shopify_#3326,Refund,2025-03-11T17:42:45Z,2025-03-11T17:42:19Z,-109.38,0.00,-109.38
shopify_11398862373023,shopify_#3325,Order,2025-03-26T10:35:10Z,2025-04-02T16:16:12Z,54.70,1.89,52.81
shopify_11398862373023,shopify_#3325,Order,2025-04-02T16:16:11Z,2025-04-02T16:16:12Z,54.70,1.89,52.81
shopify_11397199265951,shopify_#3324,Order,2025-03-10T13:30:30Z,2025-03-10T13:30:30Z,49.21,1.73,47.48
shopify_11390322311327,shopify_#3322,Order,2025-03-05T20:39:56Z,2025-03-05T20:39:57Z,13.13,0.68,12.45
shopify_11390179672223,shopify_#3321,Order,2025-03-05T18:45:17Z,2025-03-05T18:45:18Z,202.34,6.17,196.17
shopify_11390155653279,shopify_#3320,Order,2025-03-05T18:27:25Z,2025-03-05T18:27:26Z,17.51,0.81,16.70
shopify_11390152278175,shopify_#3319,Order,2025-03-05T18:23:39Z,2025-03-05T18:23:40Z,13.13,0.68,12.45
shopify_11390126915743,shopify_#3318,Order,2025-03-05T18:02:48Z,2025-03-05T18:02:48Z,26.25,1.06,25.19
shopify_11381383168159,shopify_#3317,Order,2025-02-27T18:01:36Z,2025-02-27T18:01:37Z,54.70,1.89,52.81
shopify_11381146910879,shopify_#3316,Order,2025-02-27T13:52:01Z,2025-02-27T13:52:02Z,16.41,0.78,15.63
shopify_11381132263583,shopify_#3315,Order,2025-02-27T13:34:30Z,2025-02-27T13:34:30Z,109.38,3.47,105.91
shopify_11381128921247,shopify_#3314,Order,2025-02-27T13:27:33Z,2025-02-27T13:27:34Z,14.21,0.71,13.50
shopify_11381123121311,shopify_#3313,Order,2025-02-27T13:20:36Z,2025-02-27T13:20:37Z,1.00,0.33,0.67
shopify_11381079310495,shopify_#3312,Order,2025-02-27T12:16:11Z,2025-02-27T12:16:12Z,439.00,13.03,425.97
shopify_11377098358943,shopify_#3311,Order,2025-02-24T11:53:59Z,2025-02-24T11:53:59Z,22.96,0.97,21.99
shopify_11377098358943,shopify_#3311,Refund,2025-02-24T11:54:17Z,2025-02-24T11:53:59Z,-10.00,0.00,-10.00
shopify_11377081417887,shopify_#3310,Order,2025-02-24T11:29:34Z,2025-02-24T11:29:35Z,64.95,2.18,62.77
shopify_11377081417887,shopify_#3310,Refund,2025-02-24T11:29:43Z,2025-02-24T11:29:35Z,-15.00,0.00,-15.00
shopify_11377081417887,shopify_#3310,Refund,2025-02-24T11:40:57Z,2025-02-24T11:29:35Z,-10.00,0.00,-10.00
shopify_11377080926367,shopify_#3309,Order,2025-02-24T11:28:43Z,2025-02-24T11:28:43Z,126.95,3.98,122.97
shopify_11377080926367,shopify_#3309,Refund,2025-02-24T11:28:51Z,2025-02-24T11:28:43Z,-77.00,0.00,-77.00
shopify_11377078075551,shopify_#3308,Order,2025-02-24T11:24:04Z,2025-02-24T11:24:05Z,10.95,0.62,10.33
shopify_11377078075551,shopify_#3308,Refund,2025-02-24T11:24:20Z,2025-02-24T11:24:05Z,-10.00,0.00,-10.00
shopify_11377068769439,shopify_#3307,Order,2025-02-24T11:09:22Z,2025-02-24T11:09:23Z,218.75,6.64,212.11
shopify_11373932085407,shopify_#3306,Order,2025-02-21T21:01:52Z,2025-02-21T21:01:53Z,15.00,0.73,14.27
shopify_11373925105823,shopify_#3305,Order,2025-02-21T20:55:20Z,2025-02-21T20:55:21Z,25.00,1.03,23.98
shopify_11373730889887,shopify_#3304,Order,2025-02-21T17:56:50Z,2025-02-21T17:56:51Z,47.46,1.68,45.78
shopify_11372356108447,shopify_#3303,Order,2025-02-20T15:39:07Z,2025-02-20T15:39:08Z,54.70,1.89,52.81
shopify_11372289622175,shopify_#3302,Order,2025-02-20T14:14:54Z,2025-02-20T14:15:21Z,20.00,0.88,19.12
shopify_11372289622175,shopify_#3302,Order,2025-02-20T14:14:54Z,2025-02-20T14:15:21Z,14.90,0.73,14.17
shopify_11372289622175,shopify_#3302,Order,2025-02-20T14:15:21Z,2025-02-20T14:15:21Z,14.90,0.73,14.17
shopify_11352228921503,shopify_#3301,Order,2025-02-05T11:24:04Z,2025-02-05T11:24:05Z,141.20,4.39,136.81
shopify_11352228921503,shopify_#3301,Refund,2025-02-19T12:20:20Z,2025-02-05T11:24:05Z,-141.20,0.00,-141.20
shopify_11352227741855,shopify_#3300,Order,2025-02-05T11:22:27Z,2025-02-05T11:22:28Z,54.63,1.88,52.75
shopify_11352227741855,shopify_#3300,Refund,2025-02-18T16:38:12Z,2025-02-05T11:22:28Z,-49.95,0.00,-49.95
shopify_11352205557919,shopify_#3299,Order,2025-02-05T10:52:00Z,2025-02-05T10:52:17Z,87.62,2.84,84.78
shopify_11352205557919,shopify_#3299,Order,2025-02-05T10:52:17Z,2025-02-05T10:52:17Z,87.62,2.84,84.78
shopify_11352205557919,shopify_#3299,Refund,2025-04-16T17:59:26Z,2025-02-05T10:52:17Z,-87.62,0.00,-87.62
shopify_11352196808863,shopify_#3298,Order,2025-02-05T10:41:48Z,2025-02-05T10:41:51Z,390.00,11.61,378.39
shopify_11352182816927,shopify_#3297,Order,2025-02-05T10:28:04Z,2025-02-05T10:28:04Z,49.95,1.75,48.20
shopify_11352182816927,shopify_#3297,Refund,2025-02-18T16:41:45Z,2025-02-05T10:28:04Z,-49.95,0.00,-49.95
shopify_11352180195487,shopify_#3296,Order,2025-02-05T10:26:07Z,2025-02-05T10:26:07Z,49.95,1.75,48.20
shopify_11352180195487,shopify_#3296,Refund,2025-02-05T10:26:17Z,2025-02-05T10:26:07Z,-10.00,0.00,-10.00
shopify_11351054975135,shopify_#3295,Order,2025-02-04T17:48:13Z,2025-02-04T17:48:14Z,119.95,3.78,116.17
shopify_11351050420383,shopify_#3294,Order,2025-02-04T17:44:45Z,2025-02-04T17:44:46Z,119.95,3.78,116.17
shopify_11350983442591,shopify_#3293,Order,2025-02-04T16:41:46Z,2025-02-04T16:43:24Z,98.63,3.16,95.47
shopify_11350983442591,shopify_#3293,Order,2025-02-04T16:43:24Z,2025-02-04T16:43:24Z,98.63,3.16,95.47
shopify_11350981804191,shopify_#3292,Order,2025-02-04T16:39:51Z,2025-02-04T16:39:51Z,84.21,2.74,81.47
shopify_11350961324191,shopify_#3291,Order,2025-02-04T16:15:41Z,2025-02-04T16:15:42Z,98.76,3.16,95.60
shopify_11350955917471,shopify_#3290,Order,2025-02-04T16:08:56Z,2025-02-04T16:08:57Z,97.11,3.12,93.99
shopify_11350934388895,shopify_#3289,Order,2025-02-04T15:44:15Z,2025-02-04T15:44:15Z,14.00,0.71,13.29
shopify_11349785903263,shopify_#3288,Order,2025-02-03T17:12:38Z,2025-02-03T17:12:39Z,64.13,2.16,61.97
shopify_11349712142495,shopify_#3287,Order,2025-02-03T15:51:56Z,2025-02-03T15:51:57Z,59.45,2.02,57.43
shopify_11349712142495,shopify_#3287,Refund,2025-02-18T16:43:24Z,2025-02-03T15:51:57Z,-59.45,0.00,-59.45
shopify_11349710471327,shopify_#3286,Order,2025-02-03T15:49:52Z,2025-02-03T15:49:53Z,53.61,1.85,51.76
shopify_11349588148383,shopify_#3285,Order,2025-02-03T13:23:52Z,2025-02-03T13:23:53Z,13.50,0.69,12.81
shopify_11349581889695,shopify_#3284,Order,2025-02-03T13:15:55Z,2025-02-03T13:15:57Z,15.00,0.73,14.27
shopify_11349581889695,shopify_#3284,Refund,2025-02-03T13:16:22Z,2025-02-03T13:15:57Z,-15.00,0.00,-15.00
shopify_11347220267167,shopify_#3283,Order,2025-02-01T15:55:17Z,2025-02-01T15:55:18Z,15.00,0.73,14.27
shopify_11347211944095,shopify_#3282,Order,2025-02-01T15:44:56Z,2025-02-01T15:44:57Z,15.00,0.73,14.27
shopify_11347199361183,shopify_#3281,Order,2025-02-01T15:29:51Z,2025-02-01T15:29:52Z,49.95,1.75,48.20
shopify_11345628692639,shopify_#3280,Order,2025-01-31T12:35:18Z,2025-01-31T12:35:42Z,10.00,0.59,9.41
shopify_11345628692639,shopify_#3280,Order,2025-01-31T12:35:40Z,2025-01-31T12:35:42Z,77.10,2.54,74.56
shopify_11345628692639,shopify_#3280,Refund,2025-01-31T18:02:58Z,2025-01-31T12:35:42Z,-10.00,0.00,-10.00
shopify_11345628692639,shopify_#3280,Refund,2025-01-31T18:02:58Z,2025-01-31T12:35:42Z,-44.16,0.00,-44.16
shopify_11345585832095,shopify_#3279,Order,2025-01-31T11:40:00Z,2025-01-31T11:40:25Z,5.00,0.45,4.55
shopify_11345585832095,shopify_#3279,Order,2025-01-31T11:40:24Z,2025-01-31T11:40:25Z,44.86,1.60,43.26
shopify_11345575182495,shopify_#3278,Order,2025-01-31T11:23:36Z,2025-01-31T11:23:37Z,49.95,1.75,48.20
shopify_11344586604703,shopify_#3277,Order,2025-01-30T16:14:29Z,2025-01-30T16:14:30Z,100.79,3.22,97.57
shopify_11344540336287,shopify_#3276,Order,2025-01-30T15:32:19Z,2025-01-30T15:32:19Z,44.96,1.60,43.36
shopify_11344526213279,shopify_#3275,Order,2025-01-30T15:15:35Z,2025-01-30T15:15:36Z,103.91,3.31,100.60
shopify_11344428564639,shopify_#3274,Order,2025-01-30T13:22:47Z,2025-01-30T13:22:48Z,103.91,3.31,100.60
shopify_11344425222303,shopify_#3273,Order,2025-01-30T13:19:42Z,2025-01-30T13:19:43Z,98.45,3.16,95.29
shopify_11344411426975,shopify_#3272,Order,2025-01-30T13:01:14Z,2025-01-30T13:01:15Z,98.45,3.16,95.29
shopify_11344388096159,shopify_#3271,Order,2025-01-30T12:32:01Z,2025-01-30T12:32:02Z,14.76,0.73,14.03
shopify_11344375152799,shopify_#3270,Order,2025-01-30T12:15:24Z,2025-01-30T12:15:25Z,13.50,0.69,12.81
shopify_11332959207583,shopify_#3269,Order,2025-01-21T18:00:52Z,2025-01-21T18:00:53Z,27175.13,788.38,26386.75
shopify_11332927783071,shopify_#3268,Order,2025-01-21T17:27:58Z,2025-01-21T17:27:59Z,109.38,3.47,105.91
shopify_11317618049183,shopify_#3267,Order,2025-01-08T15:52:11Z,2025-01-08T15:52:12Z,109.38,3.47,105.91
shopify_11317591212191,shopify_#3266,Order,2025-01-08T15:19:51Z,2025-01-08T15:19:52Z,5.46,0.46,5.00
shopify_11317465874591,shopify_#3265,Order,2025-01-08T12:29:38Z,2025-01-08T12:29:38Z,70.00,2.33,67.67
shopify_11316680196255,shopify_#3264,Order,2025-01-07T19:28:57Z,2025-01-07T19:28:58Z,7.67,0.52,7.15
shopify_11316551876767,shopify_#3263,Order,2025-01-07T18:02:25Z,2025-01-07T18:02:26Z,4.38,0.43,3.95
shopify_11316327481503,shopify_#3262,Order,2025-01-07T13:47:50Z,2025-01-07T13:47:50Z,50.00,1.75,48.25
shopify_11316262731935,shopify_#3261,Order,2025-01-07T12:16:07Z,2025-01-07T12:16:08Z,75.00,2.48,72.53
shopify_11311679766687,shopify_#3260,Order,2025-01-03T15:57:30Z,2025-01-03T15:58:02Z,10.00,0.59,9.41
shopify_11311679766687,shopify_#3260,Order,2025-01-03T15:58:01Z,2025-01-03T15:58:02Z,25.90,1.05,24.85
shopify_11311668887711,shopify_#3259,Order,2025-01-03T15:46:40Z,2025-01-03T15:46:40Z,43.75,1.57,42.18
shopify_11311606595743,shopify_#3258,Order,2025-01-03T14:40:07Z,2025-01-03T14:40:08Z,2.00,0.36,1.64
shopify_11311522283679,shopify_#3257,Order,2025-01-03T12:49:07Z,2025-01-03T12:49:08Z,15.00,0.73,14.27
shopify_11310489141407,shopify_#3256,Order,2025-01-02T17:12:53Z,2025-01-02T17:12:54Z,10.00,0.59,9.41
shopify_11310465745055,shopify_#3255,Order,2025-01-02T16:51:12Z,2025-01-02T16:51:12Z,7.00,0.50,6.50
shopify_11310397030559,shopify_#3254,Order,2025-01-02T15:32:39Z,2025-01-02T15:33:02Z,10.00,0.59,9.41
shopify_11310397030559,shopify_#3254,Order,2025-01-02T15:33:01Z,2025-01-02T15:33:02Z,67.00,2.24,64.76
shopify_11310394605727,shopify_#3253,Order,2025-01-02T15:30:04Z,2025-01-02T15:30:04Z,4.00,0.42,3.58
shopify_11310392279199,shopify_#3252,Order,2025-01-02T15:27:56Z,2025-01-02T15:27:57Z,100.00,3.20,96.80
shopify_11310373109919,shopify_#3251,Order,2025-01-02T15:05:17Z,2025-01-02T15:05:17Z,54.70,1.89,52.81
shopify_11310358560927,shopify_#3250,Order,2025-01-02T14:47:51Z,2025-01-02T14:47:52Z,12.08,0.65,11.43
shopify_11310344765599,shopify_#3249,Order,2025-01-02T14:27:48Z,2025-01-02T14:27:48Z,15.00,0.73,14.27
shopify_11310342832287,shopify_#3248,Order,2025-01-02T14:24:53Z,2025-01-02T14:24:54Z,10.00,0.59,9.41
shopify_11310264516767,shopify_#3247,Order,2025-01-02T12:47:09Z,2025-01-02T12:47:09Z,77.00,2.53,74.47
shopify_11310253965471,shopify_#3246,Order,2025-01-02T12:34:44Z,2025-01-02T12:34:45Z,5.00,0.45,4.55
shopify_11306909434015,shopify_#3245,Order,2024-12-30T16:45:33Z,2024-12-30T16:45:33Z,15.00,0.73,14.27
shopify_11306881220767,shopify_#3243,Order,2024-12-30T16:12:53Z,2024-12-30T16:12:54Z,45.00,1.61,43.40
shopify_11306865819807,shopify_#3242,Order,2024-12-30T15:54:09Z,2024-12-30T15:54:09Z,100.00,3.20,96.80
shopify_11306721771679,shopify_#3241,Order,2024-12-30T13:25:07Z,2024-12-30T13:25:08Z,100.00,3.20,96.80
shopify_11306721771679,shopify_#3241,Refund,2024-12-30T13:45:24Z,2024-12-30T13:25:08Z,-100.00,0.00,-100.00
shopify_11306622386335,shopify_#3240,Order,2024-12-30T11:48:36Z,2024-12-30T11:48:37Z,100.00,3.20,96.80
shopify_11306622386335,shopify_#3240,Refund,2024-12-30T13:00:39Z,2024-12-30T11:48:37Z,-100.00,0.00,-100.00
shopify_11306608459935,shopify_#3239,Order,2024-12-30T11:34:50Z,2025-04-02T15:53:02Z,15.00,0.73,14.27
shopify_11306608459935,shopify_#3239,Order,2025-04-02T15:53:00Z,2025-04-02T15:53:02Z,5.00,0.45,4.55
shopify_11297970356383,shopify_#3238,Order,2024-12-23T13:57:18Z,2024-12-23T13:57:18Z,18.46,0.84,17.62
shopify_11297960558751,shopify_#3237,Order,2024-12-23T13:44:01Z,2024-12-23T13:44:02Z,17.38,0.80,16.58
shopify_11294490624159,shopify_#3236,Order,2024-12-20T19:02:40Z,2024-12-20T19:02:41Z,54.70,1.89,52.81
shopify_11294446387359,shopify_#3235,Order,2024-12-20T18:31:58Z,2024-12-20T18:31:58Z,15.00,0.73,14.27
shopify_11294312005791,shopify_#3233,Order,2024-12-20T16:35:12Z,2024-12-20T16:35:49Z,9.74,0.58,9.16
shopify_11294312005791,shopify_#3233,Order,2024-12-20T16:35:49Z,2024-12-20T16:35:49Z,9.74,0.58,9.16
shopify_11294307614879,shopify_#3232,Order,2024-12-20T16:30:52Z,2024-12-20T16:30:53Z,8.90,0.56,8.34
shopify_11294231724191,shopify_#3231,Order,2024-12-20T15:15:55Z,2024-12-20T15:15:56Z,71.04,2.36,68.68
shopify_11294220779679,shopify_#3230,Order,2024-12-20T15:02:48Z,2024-12-20T15:02:49Z,202.34,6.17,196.17
shopify_11294210261151,shopify_#3229,Order,2024-12-20T14:48:19Z,2024-12-20T14:48:20Z,102.02,3.26,98.76
shopify_11294205870239,shopify_#3228,Order,2024-12-20T14:43:32Z,2024-12-20T14:43:33Z,12.16,0.65,11.51
shopify_11294197776543,shopify_#3227,Order,2024-12-20T14:31:14Z,2024-12-20T14:31:15Z,52.50,1.82,50.68
shopify_11294196170911,shopify_#3226,Order,2024-12-20T14:29:36Z,2024-12-20T14:29:37Z,809.38,23.77,785.61
shopify_11294133715103,shopify_#3224,Order,2024-12-20T13:14:26Z,2024-12-20T13:14:26Z,15.77,0.76,15.01
shopify_11294123655327,shopify_#3223,Order,2024-12-20T13:03:45Z,2024-12-20T13:03:46Z,212.86,6.47,206.39
shopify_11294090494111,shopify_#3222,Order,2024-12-20T12:26:53Z,2024-12-20T12:26:54Z,207.65,6.32,201.33
shopify_11277062570143,shopify_#3220,Order,2024-12-09T14:36:47Z,2024-12-09T14:36:48Z,21.00,0.91,20.09
shopify_11277059293343,shopify_#3219,Order,2024-12-09T14:33:08Z,2024-12-09T14:33:08Z,1699.00,49.57,1649.43
shopify_11268908646559,shopify_#3218,Order,2024-12-04T14:16:48Z,2024-12-04T14:16:49Z,13.13,0.68,12.45
shopify_11267614965919,shopify_#3217,Order,2024-12-03T18:58:04Z,2024-12-03T18:58:04Z,15.00,0.73,14.27
shopify_11265414070431,shopify_#3216,Order,2024-12-02T19:28:58Z,2024-12-02T19:28:58Z,6.00,0.47,5.53
shopify_11265408991391,shopify_#3215,Order,2024-12-02T19:26:50Z,2024-12-02T19:26:50Z,9.00,0.56,8.44
shopify_11265375371423,shopify_#3214,Order,2024-12-02T19:12:39Z,2024-12-02T19:12:40Z,106.00,3.37,102.63
shopify_11265350467743,shopify_#3213,Order,2024-12-02T19:03:11Z,2024-12-02T19:03:12Z,8.00,0.53,7.47
shopify_11265345781919,shopify_#3212,Order,2024-12-02T19:01:49Z,2024-12-02T19:01:49Z,49.21,1.73,47.48
shopify_11265338638495,shopify_#3211,Order,2024-12-02T19:00:03Z,2024-12-02T19:00:03Z,12.00,0.65,11.35
shopify_11265324712095,shopify_#3210,Order,2024-12-02T18:53:46Z,2024-12-02T18:53:46Z,4.00,0.42,3.58
shopify_11265253671071,shopify_#3209,Order,2024-12-02T18:19:30Z,2024-12-02T18:19:30Z,15.00,0.73,14.27
shopify_11256098947231,shopify_#3208,Order,2024-12-03T11:14:34Z,2024-12-03T11:14:34Z,185.00,5.67,179.34
shopify_11256077385887,shopify_#3206,Order,2024-11-28T18:02:29Z,2024-11-28T18:02:29Z,185.00,5.67,179.34
shopify_11256076599455,shopify_#3205,Order,2024-11-28T18:01:46Z,2024-11-28T18:01:46Z,49.00,1.72,47.28
shopify_11256035082399,shopify_#3204,Order,2024-11-28T17:30:50Z,2024-11-28T17:30:51Z,5.00,0.45,4.55
shopify_11255961354399,shopify_#3203,Order,2024-11-28T16:33:15Z,2024-11-28T16:33:16Z,41.57,1.51,40.06
shopify_11252869693599,shopify_#3202,Order,2024-11-26T19:06:49Z,2024-11-26T19:06:50Z,385.00,11.47,373.54
shopify_11250816745631,shopify_#3200,Order,2024-11-25T13:53:42Z,2024-11-25T13:53:42Z,165.46,5.10,160.36
shopify_11247097217183,shopify_#3199,Order,2024-11-22T15:27:38Z,2024-11-22T15:27:39Z,153.00,4.74,148.26
shopify_11247089254559,shopify_#3198,Order,2024-11-22T15:17:11Z,2024-11-22T15:17:12Z,11.00,0.62,10.38
shopify_11246916206751,shopify_#3197,Order,2024-11-22T11:07:39Z,2024-11-22T11:07:39Z,77.00,2.53,74.47
shopify_11244593741983,shopify_#3196,Order,2024-11-20T17:28:55Z,2024-11-20T17:28:55Z,41.57,1.51,40.06
shopify_11244589711519,shopify_#3195,Order,2024-11-20T17:24:47Z,2024-11-20T17:24:48Z,9.00,0.56,8.44
shopify_11244589711519,shopify_#3195,Refund,2024-11-20T17:25:24Z,2024-11-20T17:24:48Z,-9.00,0.00,-9.00
shopify_11244587810975,shopify_#3194,Order,2024-11-20T17:22:49Z,2024-11-20T17:22:50Z,7.00,0.50,6.50
shopify_11244587810975,shopify_#3194,Refund,2024-11-20T17:23:07Z,2024-11-20T17:22:50Z,-3.00,0.00,-3.00
shopify_11244585877663,shopify_#3193,Order,2024-11-20T17:20:39Z,2024-11-20T17:20:39Z,15.00,0.73,14.27
shopify_11244584239263,shopify_#3192,Order,2024-11-20T17:19:02Z,2024-11-20T17:19:03Z,8.00,0.53,7.47
shopify_11244582142111,shopify_#3191,Order,2024-11-20T17:16:27Z,2024-11-20T17:16:28Z,13.84,0.70,13.14
shopify_11235585982623,shopify_#3190,Order,2024-11-13T17:39:34Z,2024-11-13T17:39:35Z,54.63,1.88,52.75
shopify_11235541385375,shopify_#3189,Order,2024-11-13T16:57:07Z,2024-11-13T16:57:07Z,49.16,1.73,47.43
